Banco Popular ;Alcala;Alcala, 26;Madrid;Espana;
Banco Popular ;General Ricardos;General Ricardos, 151;Madrid;Espana;
Banco Popular ;Fuencarral;Fuencarral, 134;Madrid;Espana;
Banco Popular ;Gta. Cuatro Caminos;Glorieta Cuatro Caminos, 4;Madrid;Espana;
Banco Popular ;Fernando el Catolico;Fernando el Catolico, 21;Madrid;Espana;
Banco Popular ;Avenida Ciudad de Barcelona;Avenida Ciudad de Barcelona, 35;Madrid;Espana;
Banco Popular ;Lopez de Hoyos;Lopez de Hoyos, 67;Madrid;Espana;
Banco Popular ;Conde de Penalver;Conde de Penalver, 22;Madrid;Espana;
Banco Popular ;Velazquez;Velazquez, 34;Madrid;Espana;
Banco Popular ;Doctor Esquerdo;Doctor Esquerdo, 3;Madrid;Espana;
Banco Popular ;Jose Abascal;Jose Abascal, 18;Madrid;Espana;
Banco Popular ;Santa Isabel;Santa Isabel, 12;Madrid;Espana;
Banco Popular ;Marcelo Usera;Marcelo Usera, 122;Madrid;Espana;
Banco Popular ;Mayor;Mayor, 5;Madrid;Espana;
Banco Popular ;Paseo Sta. Maria de La Cabeza;Paseo Santa Maria de La Cabeza, 19;Madrid;Espana;
Banco Popular ;Jose Ortega Y Gasset;Jose Ortega Y Gasset, 23;Madrid;Espana;
Banco Popular ;Gran Via;Gran Via, 67;Madrid;Espana;
Banco Popular ;Princesa;Princesa, 72;Madrid;Espana;
Banco Popular ;Alcala;Alcala, 372;Madrid;Espana;
Banco Popular ;Marcos de Orueta;Marcos de Orueta, 1;Madrid;Espana;
Banco Popular ;Marceliano Santa Maria;Marceliano Santa Maria, 10;Madrid;Espana;
Banco Popular ;Avenida General Peron;Avenida General Peron, 30;Madrid;Espana;
Banco Popular ;Avenida de La Albufera;Avenida de La Albufera, 61;Madrid;Espana;
Banco Popular ;Avenida Moratalaz;Avenida Moratalaz, 137;Madrid;Espana;
Banco Popular ;San Francisco de Sales;San Francisco de Sales, 33;Madrid;Espana;
Banco Popular ;Panama;Panama, 6;Madrid;Espana;
Banco Popular ;Avenida General;Avenida General, 16;Madrid;Espana;
Banco Popular ;Avenida del Mediterraneo;Avenida del Mediterraneo, 30;Madrid;Espana;
Banco Popular ;Paseo Extremadura;Paseo Extremadura, 101;Madrid;Espana;
Banco Popular ;Diego de Leon;Calle Diego de Leon, 52;Madrid;Espana;
Banco Popular ;Alcala;Alcala, 289;Madrid;Espana;
Banco Popular ;Sesena;Sesena, 72;Madrid;Espana;
Banco Popular ;Genova;Genova, 20;Madrid;Espana;
Banco Popular ;Sierra Vieja;Sierra Vieja, 64;Madrid;Espana;
Banco Popular ;Velazquez 34 3. Pl.;Velazquez, 34;Madrid;Espana;
Banco Popular ;Doctor Perez Dominguez;Doctor Perez Dominguez, 18;Madrid;Espana;
Banco Popular ;Quintana;Quintana, 15;Madrid;Espana;
Banco Popular ;Bravo Murillo;Bravo Murillo, 296;Madrid;Espana;
Banco Popular ;Bolivia;Bolivia, 26;Madrid;Espana;
Banco Popular ;Lopez de Hoyos;Lopez de Hoyos, 346;Madrid;Espana;
Banco Popular ;Paseo de Las delicias;Paseo de Las delicias, 91;Madrid;Espana;
Banco Popular ;Francos Rodriguez;Francos Rodriguez, 47;Madrid;Espana;
Banco Popular ;Islas Cies;Islas Cies, 2;Madrid;Espana;
Banco Popular ;Francisco Gervas;Francisco Gervas, 9;Madrid;Espana;
Banco Popular ;Jose Ortega Y Gasset;Jose Ortega Y Gasset, 29;Madrid;Espana;
Banco Popular ;Cedaceros;Cedaceros, 9;Madrid;Espana;
Banco Popular ;Oca;Oca, 69;Madrid;Espana;
Banco Popular ;Avenida Bruselas;Avenida Bruselas, 56;Madrid;Espana;
Banco Popular ;Torre Arias;Torre Arias, 6;Madrid;Espana;
Banco Popular ;Plaza cristo Rey;Plaza cristo Rey, 2;Madrid;Espana;
Banco Popular ;Toledo;Toledo, 46;Madrid;Espana;
Banco Popular ;Embajadores;Embajadores, 78;Madrid;Espana;
Banco Popular ;Luchana;Luchana, 40;Madrid;Espana;
Banco Popular ;Arturo Soria;Arturo Soria, 324;Madrid;Espana;
Banco Popular ;Ruiz de Alarcon;Ruiz de Alarcon, 25;Madrid;Espana;
Banco Popular ;Fuencarral;Fuencarral, 79;Madrid;Espana;
Banco Popular ;Plaza San Miguel;Plaza San Miguel, 7;Madrid;Espana;
Banco Popular ;Fernan Gonzalez;Fernan Gonzalez, 71;Madrid;Espana;
Banco Popular ;Luisa Fernanda;Luisa Fernanda, 8;Madrid;Espana;
Banco Popular ;Guzman el Bueno;Guzman el Bueno, 21;Madrid;Espana;
Banco Popular ;Paseo de La Habana;Paseo de La Habana, 151;Madrid;Espana;
Banco Popular ;Carretera Villaverde A Vallecas;Carretera Villaverde A Vallecas;Madrid;Espana;
Banco Popular ;Alberto Aguilera;Alberto Aguilera, 8;Madrid;Espana;
Banco Popular ;Eraso;Eraso, 21;Madrid;Espana;
Banco Popular ;Cea Bermudez;Cea Bermudez, 53;Madrid;Espana;
Banco Popular ;Calle dehesa Principe;Calle dehesa Principe, Husares;Madrid;Espana;
Banco Popular ;S. Cipriano S N C.Calle Vicalvaro;San Cipriano, Calle Vicalvaro;Madrid;Espana;
Banco Popular ;Agustin de Foxa 32;Agustin de Foxa 32;Madrid;Espana;
Banco Popular ;Antonio Lopez;Antonio Lopez, 4;Madrid;Espana;
Banco Popular ;San Julio Esquina Calle Santoraz;Calle San Julio;Madrid;Espana;
Banco Popular ;Avenida San Diego;Avenida San Diego, 71;Madrid;Espana;
Banco Popular ;Avenida Rafaela Ybarra;Avenida Rafaela Ybarra, 36;Madrid;Espana;
Banco Popular ;Jilguero;Jilguero, 8;Madrid;Espana;
Banco Popular ;Martinez de La Riva;Martinez de La Riva, 4;Madrid;Espana;
Banco Popular ;Santa Rita;Santa Rita, 2;Madrid;Espana;
Banco Popular ;Santa Isabel;Santa Isabel, 51;Madrid;Espana;
Banco Popular ;Avenida Castilla;Avenida Castilla, 2;Madrid;Espana;
Banco Popular ;Avenida de Badajoz;Avenida de Badajoz, 24;Madrid;Espana;
Banco Popular ;Emilio Munoz;Emilio Munoz, 43;Madrid;Espana;
Banco Popular ;Camarena;Camarena, 153;Madrid;Espana;
Banco Popular ;Miguel Angel;Miguel Angel, 16;Madrid;Espana;
Banco Popular ;Emilio Ferrari;Emilio Ferrari, 63;Madrid;Espana;
Banco Popular ;Ntra. Sra. de Valverde;Ntra. Sra. de Valverde, 20;Madrid;Espana;
Banco Popular ;Maria de Molina;Maria de Molina, 34;Madrid;Espana;
Banco Popular ;Avenida de Los Poblados;Avenida de Los Poblados, 58;Madrid;Espana;
Banco Popular ;Banos de Montemayor;Banos de Montemayor, 7;Madrid;Espana;
Banco Popular ;Melchor Fernandez Almagro;Melchor Fernandez Almagro, 101;Madrid;Espana;
Banco Popular ;Victor de La Serna;Victor de La Serna, 32;Madrid;Espana;
Banco Popular ;Carretera de Canillas;Carretera de Canillas, 140;Madrid;Espana;
Banco Popular ;Avenida de La Osa Mayor;Avenida de La Osa Mayor, 85;Madrid;Espana;
Banco Popular ;General Moscardo;General Moscardo, 3;Madrid;Espana;
Banco Popular ;Paseo del Doctor Vallejo Najera;Paseo del Doctor Vallejo Najera, 53;Madrid;Espana;
Banco Popular ;Juan Ignacio Luca de Tena;Juan Ignacio Luca de Tena, 11;Madrid;Espana;
Banco Popular ;Avenida del Marques de Corbera;Avenida del Marques de Corbera, 25;Madrid;Espana;
Banco Popular ;Avenida de Burgos;Avenida de Burgos, 21;Madrid;Espana;
Banco Popular ;Virgen de Las Vinas;Virgen de Las Vinas, 9;Madrid;Espana;
Banco Popular ;Paseo Gigantes Y Cabezudos;Paseo Gigantes Y Cabezudos, 6;Madrid;Espana;
Banco Popular ;Avenida Partenon;Avenida Partenon, 10;Madrid;Espana;
Banco Popular ;Santa Virgilia;Santa Virgilia, 21;Madrid;Espana;
Banco Popular ;Fermin Caballero;Fermin Caballero, 36;Madrid;Espana;
Banco Popular ;Tumaco;Tumaco, 6;Madrid;Espana;
Banco Popular ;Zarzuela;Zarzuela, 2;Madrid;Espana;
Banco Popular ;Bravo Murillo;Bravo Murillo, 9;Madrid;Espana;
Banco Popular ;Plaza de Tres Olivos;Plaza de Tres Olivos, 3;Madrid;Espana;
Banco Popular ;Serrano;Serrano, 77;Madrid;Espana;
Banco Popular ;Alcala;Alcala, 499;Madrid;Espana;
Banco Popular ;Catamaran;Catamaran, 2;Madrid;Espana;
Banco Popular ;Arturo Soria;Arturo Soria, 166;Madrid;Espana;
Banco Popular ;Principe de Vergara;Principe de Vergara, 208;Madrid;Espana;
Banco Popular ;Infanta Mercedes;Infanta Mercedes, 31;Madrid;Espana;
Banco Popular ;Monforte de Lemos;Monforte de Lemos, 166;Madrid;Espana;
Banco Popular ;Ibiza;Ibiza, 70;Madrid;Espana;
Banco Popular ;Carretera Colmenar;Carretera Colmenar, Km 9;Madrid;Espana;
Banco Popular ;Juan Jose Martinez Seco;Juan Jose Martinez Seco, 32;Madrid;Espana;
Banco Popular ;Bravo Murillo;Bravo Murillo, 237;Madrid;Espana;
Banco Popular ;Isabel Colbrand;Isabel Colbrand, 18;Madrid;Espana;
Banco Popular ;Paseo de La Florida;Paseo de La Florida, Sn;Madrid;Espana;
Banco Popular ;Labastida 11;Labastida 11,;Madrid;Espana;
Banco Popular ;Velazquez 34;Velazquez 34;Madrid;Espana;
Banco Popular ;Aquitania;Aquitania, 19;Madrid;Espana;
Banco Popular ;Paseo de La Castellana 174;Paseo de La Castellana 174,;Madrid;Espana;
