Bankinter ;Paseo de La Castellana;Paseo de La Castellana, 29;Madrid;España;
Bankinter ;Paseo de La Castellana;Paseo de La Castellana, 121;Madrid;España;
Bankinter ;Avenida Reina Victoria 31;Avenida Reina Victoria 31,;Madrid;España;
Bankinter ;Orense;Orense, 5;Madrid;España;
Bankinter ;Conde de Penalver;Conde de Penalver, 23;Madrid;España;
Bankinter ;Bravo Murillo;Bravo Murillo, 126;Madrid;España;
Bankinter ;Fuencarral;Fuencarral, 131;Madrid;España;
Bankinter ;Duque de Alba;Duque de Alba, 7;Madrid;España;
Bankinter ;Lopez de Hoyos;Lopez de Hoyos, 116 118;Madrid;España;
Bankinter ;Bravo Murillo;Bravo Murillo, 297;Madrid;España;
Bankinter ;Paseo de Las delicias;Paseo de Las delicias, 31;Madrid;España;
Bankinter ;Alcala;Alcala, 361;Madrid;España;
Bankinter ;Ronda de Atocha 18;Ronda de Atocha 18;Madrid;España;
Bankinter ;Marques de Urquijo;Marques de Urquijo, 11;Madrid;España;
Bankinter ;Goya;Goya, 34;Madrid;España;
Bankinter ;Laguna;Laguna, 40;Madrid;España;
Bankinter ;Principe de Vergara;Principe de Vergara, 262;Madrid;España;
Bankinter ;Mayor;Mayor, 3;Madrid;España;
Bankinter ;Narvaez;Narvaez, 55;Madrid;España;
Bankinter ;Avenida de Bruselas;Avenida de Bruselas, 45;Madrid;España;
Bankinter ;Avenida de Moratalaz;Avenida de Moratalaz, 70;Madrid;España;
Bankinter ;Julio Palacios;Julio Palacios, 23;Madrid;España;
Bankinter ;Suecia;Suecia, 41 43;Madrid;España;
Bankinter ;Avenida concha Espina;Avenida concha Espina, 12;Madrid;España;
Bankinter ;Doctor Fleming;Doctor Fleming, 33 35;Madrid;España;
Bankinter ;Agustin Foxa;Agustin Foxa, 32;Madrid;España;
Bankinter ;Castello;Castello, 102;Madrid;España;
Bankinter ;Avenida General Peron;Avenida General Peron, 38;Madrid;España;
Bankinter ;Santa Engracia;Santa Engracia, 97;Madrid;España;
Bankinter ;Corazon de Maria;Corazon de Maria, 39;Madrid;España;
Bankinter ;Embajadores;Embajadores, 208;Madrid;España;
Bankinter ;Fernando VI;Fernando VI, 15;Madrid;España;
Bankinter ;Juan de Mena;Juan de Mena, 21;Madrid;España;
Bankinter ;Lagasca;Lagasca, 39;Madrid;España;
Bankinter ;Avenida Mediterraneo;Avenida Mediterraneo, 19;Madrid;España;
Bankinter ;Principe de Vergara;Principe de Vergara, 204;Madrid;España;
Bankinter ;Arturo Soria;Arturo Soria, 191;Madrid;España;
Bankinter ;Rios Rosas;Rios Rosas, 48;Madrid;España;
Bankinter ;Avenida de Badajoz;Avenida de Badajoz, 15;Madrid;España;
Bankinter ;Caleruega;Caleruega, 5;Madrid;España;
Bankinter ;Arroyofresno;"Arroyofresno, 17";Madrid;España;
Bankinter ;Paseo Castellana 131;Paseo Castellana 131;Madrid;España;
Bankinter ;Avenida de Europa;Avenida de Europa, 27;Madrid;España;
Bankinter ;C. Princesa;Calle Princesa, 1;Madrid;España;
Bankinter ;C. Jose Abascal;C. Jose Abascal, 44;Madrid;España;
Bankinter ;Alberto Aguilera;Alberto Aguilera, 28;Madrid;España;
Bankinter ;Avenida Ciudad de Barcelona;Avenida de la Ciudad de Barcelona, 198;Madrid;España;
Bankinter ;Padre Damian;Padre Damian, 42;Madrid;España;
Bankinter ;Principe Carlos N. 15;Principe Carlos 15,;Madrid;España;
Bankinter ;Juan Bravo;Juan Bravo, 62;Madrid;España;
Bankinter ;Gasometro;Gasometro, 13;Madrid;España;
Bankinter ;Cea Bermudez;Cea Bermudez, 52;Madrid;España;
Bankinter ;Fermin Caballero;Fermin Caballero, 51;Madrid;España;
Bankinter ;Escalona;Escalona, 84;Madrid;España;
Bankinter ;Alcala;Alcala, 181;Madrid;España;
Bankinter ;Medea;Medea, 4;Madrid;España;
Bankinter ;Avenida Aragon;Avenida Aragon, 334;Madrid;España;
Bankinter ;Pedro Texeira;Pedro Texeira, 8;Madrid;España;
Bankinter ;Gran Via 57;Gran Via 57;Madrid;España;
Bankinter ;Jose Lazaro Galdiano;Jose Lazaro Galdiano, 4;Madrid;España;
Bankinter ;Avenida Real de Pinto;Avenida Real de Pinto, 158;Madrid;España;
Bankinter ;Camino de Hormigueras;Camino de Hormigueras, 167;Madrid;España;
Bankinter ;Princesa;Princesa, 70;Madrid;España;
Bankinter ;Francisco Silvela 36;Francisco Silvela 36;Madrid;España;
Bankinter ;Plaza de Castilla;Plaza de Castilla, 3;Madrid;España;
Bankinter ;C.marques de Riscal 11;Calle del Marques de Riscal 11,;Madrid;España;
Bankinter ;Avenida de Bruselas 12;Avenida de Bruselas 12,;Madrid;España;
Bankinter ;General Arrando;General Arrando, 3;Madrid;España;
Bankinter ;Sopelana;Sopelana, 13;Madrid;España;
Bankinter ;Barquillo;Barquillo, 15;Madrid;España;
Bankinter ;Avenida de Manoteras;Avenida de Manoteras, 1O;Madrid;España;
Bankinter ;Avenida Monforte de Lemos;Avenida Monforte de Lemos, 185;Madrid;España;
Bankinter ;Avenida de La Peseta;Avenida de La Peseta, 92;Madrid;España;
Bankinter ;Ronda de Atocha;Ronda de Atocha, 18;Madrid;España;
Bankinter ;Luchana;Luchana, 12;Madrid;España;
Bankinter ;Avenida Reina Victoria 31;Avenida Reina Victoria 31,;Madrid;España;
Bankinter ;Eduardo Dato;Eduardo Dato, 19;Madrid;España;
Bankinter ;Velazquez;Velazquez, 61;Madrid;España;
Bankinter ;Jesus Aprendiz 19 6. B;Jesus Aprendiz 19,;Madrid;España;
Bankinter ;Nunez de Balboa;Nunez de Balboa, 30;Madrid;España;
Bankinter ;Plaza conde Valle Suchil;Plaza del conde del Valle Suchil, 20;Madrid;España;
Bankinter ;Velazquez;Velazquez, 150;Madrid;España;
Bankinter ;Canal de Suez N. 11;Canal de Suez 11,;Madrid;España;
Bankinter ;Alberto Aguilera;Alberto Aguilera, 12;Madrid;España;
Bankinter ;Jose Bergamin N.12 L. 5 Y 6;Jose Bergamin 12,;Madrid;España;
Bankinter ;Carretera de Canillas;Carretera de Canillas, 134;Madrid;España;
Bankinter ;Hortaleza;Hortaleza, 18;Madrid;España;
Bankinter ;Pedro de Valdivia N. 31;Pedro de Valdivia 31,;Madrid;España;
Bankinter ;Avenida del Mediterraneo N.10;Avenida del Mediterraneo 10,;Madrid;España;
Bankinter ;Españoleto 11 1. 1.izda;Calle el Espanoleto 11;Madrid;España;
Bankinter ;San Jaime;San Jaime, 2;Madrid;España;
Bankinter ;Alonso Cano;Alonso Cano, 63;Madrid;España;
Bankinter ;Francisco Santos;Francisco Santos, 26;Madrid;España;
Bankinter ;Pajaritos;Pajaritos, 27;Madrid;España;
Bankinter ;Miguel Angel N. 22;Calle Miguel Angel, 22;Madrid;España;
Bankinter ;General Martinez Campos 41 7. Dcha;Paseo del General Martinez Campos 41,;Madrid;España;
Bankinter ;Lope de Rueda;Lope de Rueda, 27;Madrid;España;
Bankinter ;Gta Cuatro Caminos 6 Y 7;Glorieta Cuatro Caminos 6;Madrid;España;
Bankinter ;Alberto Aguilera 58 2 Izda;Alberto Aguilera 58;Madrid;España;
Bankinter ;Padilla;Padilla, 6O;Madrid;España;
Bankinter ;Jorge Juan 19 6;Jorge Juan 19;Madrid;España;
Bankinter ;Guzman el Bueno 133 8 Planta;Guzman el Bueno 133;Madrid;España;
Bankinter ;Paseo de La Castella 155 8 C;Paseo de La Castella 155;Madrid;España;
Bankinter ;Bravo Murillo;Bravo Murillo, 54;Madrid;España;
Bankinter ;Jose Ortega Y Gasset;Jose Ortega Y Gasset, 40;Madrid;España;
Bankinter ;Recoletos;Recoletos, 10;Madrid;España;
Bankinter ;Avenida General 5 1 Iz;Avenida General 5;Madrid;España;
Bankinter ;Paseo General Mtnez Campos 47 7. Izq;Paseo del General Martinez Campos, 47;Madrid;España;
Bankinter ;Plaza Callao;Plaza Callao, 1;Madrid;España;
Bankinter ;Castello;Castello, 115;Madrid;España;
Bankinter ;Lopez de Hoyos;Lopez de Hoyos, 138;Madrid;España;
Bankinter ;Plaza Manolete;Plaza Manolete, 2;Madrid;España;
Bankinter ;Zurbano 58 3. Dcha;Zurbano 58;Madrid;España;
Bankinter ;Avenida del Ferrol;Avenida del Ferrol, 16;Madrid;España;
Bankinter ;Alcala N. 372 Esc Izq 1. F;Calle de Alcala 372;Madrid;España;
Bankinter ;Paseo Castellana 180;Paseo Castellana 180;Madrid;España;
Bankinter ;Velazquez N. 53;Velazquez 53,;Madrid;España;
Bankinter ;Santa Maria Reina N. 2;Santa Maria Reina 2,;Madrid;España;
Bankinter ;Berlin;Berlin, 7;Madrid;España;
Bankinter ;Avenida Menendez Pelayo N. 115 Ent.2.;Avenida Menendez Pelayo 115,;Madrid;España;
Bankinter ;General Martinez Campos;Paseo del General Martinez Campos, 41;Madrid;España;
Bankinter ;Medellin;Calle Medellin, 11;Madrid;España;
Bankinter ;Capitan Haya N. 56 1. H;Capitan Haya 56,;Madrid;España;
Bankinter ;Urumea N. 9;Calle Urumea 9,;Madrid;España;
Bankinter ;Costa Rica;Calle Costa Rica, 7;Madrid;España;
Bankinter ;Ibiza N. 4 2. B;Calle Ibiza 4,;Madrid;España;
Bankinter ;Primavera de Praga 11 Loc 11;Primavera de Praga 11,;Madrid;España;
Bankinter ;Gran Via N. 55 9.;Gran Via 55,;Madrid;España;
Bankinter ;Vinaroz N. 16 B 4.;Vinaroz 16,;Madrid;España;
Bankinter ;Velazquez N. 71 1. Dcha;Velazquez 71,;Madrid;España;
Bankinter ;Corazon de Maria N.50 4.d;Corazon de Maria 50,;Madrid;España;
Bankinter ;Bahia de Alicante;Bahia de Alicante, 7;Madrid;España;
Bankinter ;Doctor Fleming N. 30 9. C;Doctor Fleming 30,;Madrid;España;
Bankinter ;Serrano 216;Serrano 216,;Madrid;España;
Bankinter ;Felisa Mendez 9 1.;Felisa Mendez 9,;Madrid;España;
Bankinter ;San Jaime 24;San Jaime 24,;Madrid;España;
Bankinter ;Alcala N.157 4.b;Alcala 157,;Madrid;España;
Bankinter ;Silva N. 2 1. 6;Silva 2,;Madrid;España;
Bankinter ;Doctor Esquerdo N. 43;Doctor Esquerdo 43;Madrid;España;
Bankinter ;Miguel Angel N. 16 2. Dcha;Miguel Angel 16,;Madrid;España;
Bankinter ;Argensola N. 6 5.c;Argensola 6,;Madrid;España;
Bankinter ;Jesus Aprendiz N. 13;Jesus Aprendiz 13,;Madrid;España;
Bankinter ;Princesa 49;Princesa 49,;Madrid;España;
Bankinter ;Hermosilla N. 60 1. Izda;Hermosilla 60,;Madrid;España;
Bankinter ;Francisco Silvela 50 4.b;Francisco Silvela 50,;Madrid;España;
Bankinter ;Carretera Canillas 138 2. Of 10 B;Carretera Canillas 138,;Madrid;España;
Bankinter ;Berlanas N. 5 1. B;Berlanas 5,;Madrid;España;
Bankinter ;Avenida de Oporto 81;Avenida de Oporto 81,;Madrid;España;
Bankinter ;Bravo Murillo N.213 Bis 2.izda;Bravo Murillo 213,;Madrid;España;
Bankinter ;Islas Cabo Verde 63;Islas Cabo Verde 63;Madrid;España;
Bankinter ;Principe de Vergara;Principe de Vergara, 205;Madrid;España;
Bankinter ;Jerez N.4;Jerez 4,;Madrid;España;
Bankinter ;Jose Ortega Y Gasset N.68 3.c;Jose Ortega Y Gasset 68,;Madrid;España;
Bankinter ;Helsinki 15 1. B;Helsinki 15,;Madrid;España;
Bankinter ;Vicente Morales N.2 304;Vicente Morales 2,;Madrid;España;
Bankinter ;Naciones N.9 Entlo B;Naciones 9,;Madrid;España;
Bankinter ;Orense 36 Esc Izqda;Orense 36;Madrid;España;
Bankinter ;Diego de Leon 46;Calle Diego de Leon 46;Madrid;España;
Bankinter ;Albadalejo;Albadalejo, 16;Madrid;España;
Bankinter ;Avenida del Talgo 156 2.c;Avenida del Talgo 156,;Madrid;España;
Bankinter ;Costa Brava;Costa Brava, 18;Madrid;España;
Bankinter ;Arandiga;Arandiga, 8;Madrid;España;
Bankinter ;Nuñez de Balboa 30;Calle Nunez de Balboa 30;Madrid;España;
Bankinter ;Caracas 9 Bajo Izda;Caracas 9;Madrid;España;
Bankinter ;Juan de Austria;Juan de Austria, 10;Madrid;España;
Bankinter ;Hermosilla;Hermosilla, 108;Madrid;España;
Bankinter ;Alonso Castrillo 2 3. Izqda;Alonso Castrillo 2,;Madrid;España;
Bankinter ;Afueras A Valverde;Afueras A Valverde, 48;Madrid;España;
Bankinter ;Paseo Pintor Rosales 26 Local;Paseo Pintor Rosales 26;Madrid;España;
Bankinter ;Jesus Aprendiz;Jesus Aprendiz, 19;Madrid;España;
Bankinter ;Maldonado;Maldonado, 19;Madrid;España;
Bankinter ;Ronda de Buganvilla del Rey 101;Ronda de Buganvilla del Rey 101,;Madrid;España;
Bankinter ;Maldonado 55;Maldonado 55,;Madrid;España;
Bankinter ;Avenida America 62 Bajo Izda;Avenida de America 62,;Madrid;España;
Bankinter ;Paseo General Mtnez Campos 41 7.;Paseo del General Martinez Campos 41,;Madrid;España;
Bankinter ;Antonio Flores N.1 1.izqda;Antonio Flores 1,;Madrid;España;
Bankinter ;Victor Andres Belaunde 25 2.d;Victor Andres Belaunde 25;Madrid;España;
Bankinter ;Luchana 12 1. 2;Luchana 12,;Madrid;España;
Bankinter ;Santa Barbara 11 2. 1.;Santa Barbara 11,;Madrid;España;
Bankinter ;Plaza de Las Salesas 7 2. Izda;Plaza de Las Salesas 7,;Madrid;España;
Bankinter ;Paseo de la Castellana;Paseo del a Castellana, 29;Madrid;España;
Bankinter ;Villasilos 14 D Bajo A;Villasilos 14,;Madrid;España;
Bankinter ;Goya 47 3.b;Goya 47,;Madrid;España;
Bankinter ;El Algabeño 164 Chalet P;El Algabeno 164,;Madrid;España;
Bankinter ;Serrano 226 Dpdo Bajo Dcha;Serrano 226,;Madrid;España;
Bankinter ;Juan de Mariana 4 1.a;Juan de Mariana 4,;Madrid;España;
Bankinter ;Avenida Cardenal Herrera Oria 173 10.c;Avenida del Cardenal Herrera Oria, 173;Madrid;España;
Bankinter ;Gran Via 71 2.planta;Gran Via 71;Madrid;España;
Bankinter ;Avenida General Peron 32 24M;Avenida General Peron 32,;Madrid;España;
Bankinter ;Jose Donoso 8 1. D;Jose Donoso 8;Madrid;España;
Bankinter ;Hermosilla 89 3. Ext Dcha;Hermosilla 89;Madrid;España;
Bankinter ;Capitan Haya 51 14 E;Capitan Haya 51,;Madrid;España;
Bankinter ;Nuñez de Balboa 4 1.e;Calle Nunez de Balboa 4,;Madrid;España;
Bankinter ;Alberto Aguilera 32 1 Puerta E;Alberto Aguilera 32,;Madrid;España;
Bankinter ;Maria de Molina 10 1.dcha;Maria de Molina 10,;Madrid;España;
Bankinter ;Paseo de Las delicias 90 1.a;Paseo de Las delicias 90,;Madrid;España;
Bankinter ;Paseo de La Castellana 102 2D;Paseo de La Castellana 102,;Madrid;España;
Bankinter ;Avenida Mediterraneo 38 3.b;Avenida Mediterraneo 38,;Madrid;España;
Bankinter ;Ferraz 43 2. Int Izda;Ferraz 43,;Madrid;España;
Bankinter ;Jose Ortega Y Gasset 60 5.izda;Jose Ortega Y Gasset 60,;Madrid;España;
Bankinter ;Nanclares de Oca 18 Piso 6 At 2;Nanclares de Oca 18,;Madrid;España;
Bankinter ;Ibiza N.56 7.d;Ibiza 56,;Madrid;España;
Bankinter ;Antonio Machado 17 7.a;Antonio Machado 17,;Madrid;España;
Bankinter ;Arturo Soria 348 1. Portal L;Arturo Soria 348,;Madrid;España;
Bankinter ;Humera 54 2.d;Humera 54,;Madrid;España;
Bankinter ;Alcala N. 114 Sotano B;Calle de Alcala 114,;Madrid;España;
Bankinter ;Furelos;Furelos, 3;Madrid;España;
Bankinter ;Florencio Castillo 36 3.a;Florencio Castillo 36,;Madrid;España;
Bankinter ;General Fanjul 2B Oficina6 4;General Fanjul 2,;Madrid;España;
Bankinter ;General Alvarez de Castro 14 Local;Calle del General Alvarez de Castro 14,;Madrid;España;
Bankinter ;Jaen N.2 1.b;Calle de Jaen 2,;Madrid;España;
Bankinter ;Camino de Valderribas 16 4 C;Camino de Valderribas 16,;Madrid;España;
Bankinter ;Santiago Bernabeu N. 8;Santiago Bernabeu 8,;Madrid;España;
Bankinter ;Canal de Suez N. 66;Canal de Suez 66,;Madrid;España;
Bankinter ;Panama 10;Panama 10,;Madrid;España;
Bankinter ;Nanclares de Oca 1 2.c;Nanclares de Oca 1,;Madrid;España;
Bankinter ;Paseo Castellana 166 2 9 Izq;Paseo de la Castellana 166,;Madrid;España;
Bankinter ;Villa de Marin N. 6 2. A;Villa de Marin 6,;Madrid;España;
Bankinter ;Galileo N. 47 A;Galileo 47,;Madrid;España;
Bankinter ;Eloy Gonzalo;Eloy Gonzalo, 19;Madrid;España;
Bankinter ;Antonio Romero 14.;Antonio Romero 14;Madrid;España;
Bankinter ;Valverder N.30 4;Valverder 30,;Madrid;España;
Bankinter ;Gran Via 80;Gran Via 80, despacho 716;Madrid;España;
Bankinter ;Paseo de La Castellana 20;Paseo de La Castellana 20;Madrid;España;
Bankinter ;Rufino Gonzalez 42 44;Rufino Gonzalez 42;Madrid;España;
Bankinter ;Sil 50;Calle del Sil 50,;Madrid;España;
Bankinter ;Marques de Riscal;Marques de Riscal, 11;Madrid;España;
Bankinter ;Pico San Pedro;Pico San Pedro, 2;Madrid;España;
Bankinter ;Avenida de Bruselas;Avenida de Bruselas, 12;Madrid;España;
Bankinter ;Avenida Gral Peron N. 38;Avenida Gral Peron 38,;Madrid;España;
Bankinter ;Alberto Aguilera;Alberto Aguilera, 58;Madrid;España;
Bankinter ;Torrelaguna;Torrelaguna, 67;Madrid;España;
Bankinter ;Orense;Orense, 5;Madrid;España;
Bankinter ;Avenida Mediterraneo 7;Avenida Mediterraneo 7;Madrid;España;
Bankinter ;Paseo de La Castellana;Paseo de La Castellana, 20;Madrid;España;
Bankinter ;Jose Lazaro Galdiano;Jose Lazaro Galdiano, 4;Madrid;España;
Bankinter ;Princesa;Princesa, 47;Madrid;España;
Bankinter ;Antonio Maura;Antonio Maura, 18;Madrid;España;
Bankinter ;Avenida de Bruselas Num.12;Avenida de Bruselas 12,;Madrid;España;
Bankinter ;Marques de Riscal;Marques de Riscal, 11;Madrid;España;
Bankinter ;Fortuny;Fortuny, 39;Madrid;España;
Bankinter ;Orense;Orense, 5;Madrid;España;
Bankinter ;Avenida General Peron;Avenida del General Peron, 38;Madrid;España;
Bankinter ;Avenida de Bruselas 12;Avenida de Bruselas 12,;Madrid;España;
Bankinter ;Pico de San Pedro;Pico de San Pedro, 2;Madrid;España;
Bankinter ;Villanueva;Villanueva, 2;Madrid;España;
Bankinter ;Pico de San Pedro 2;Pico de San Pedro 2,;Madrid;España;
Bankinter ;Avenida General Peron;Avenida General Peron, 38;Madrid;España;
