Cajamar ;Calle Dr. Fleming;Calle Dr. Fleming, 16;Madrid;España;
Cajamar ;Calle Jorge Juan;Calle Jorge Juan, 19;Madrid;España;
Cajamar ;Avenida Pablo Neruda;Avenida Pablo Neruda, 13;Madrid;España;
Cajamar ;Calle General Ricardos;Calle General Ricardos, 90;Madrid;España;
Cajamar ;Carretera Villaverde Vallecas;Carretera Villaverde Vallecas, 8 D9;Madrid;España;
Cajamar ;Calle Alcalá;Calle de Alcala, 140;Madrid;España;
Cajamar ;Calle Bravo Murillo;Calle Bravo Murillo, 198;Madrid;España;
Cajamar ;Calle Alcalá;Calle de Alcala, 434;Madrid;España;
Cajamar ;Calle Cardenal Silíceo;Calle Cardenal Siliceo, 1;Madrid;España;
Cajamar ;Calle Madrid;Calle Madrid , 113;Madrid;España;
Cajamar ;Paseo Muñoz Grandes;Paseo de Munoz Grandes, 52;Madrid;España;
Cajamar ;Paseo de Las delicias;Paseo de Las delicias, 38;Madrid;España;
Cajamar ;Glorieta Ruiz Jiménez;Glorieta Ruiz Jimenez;Madrid;España;
Cajamar ;Calle Alcalá;Calle de Alcala, 254;Madrid;España;
Cajamar ;Calle Camarena;Calle Camarena, 106;Madrid;España;
Cajamar ;Calle Embajadores;Calle Embajadores, 55;Madrid;España;
Cajamar ;Calle Libertad;Calle Libertad, 17;Madrid;España;
Cajamar ;Avenida Monforte de Lemos;Avenida Monforte de Lemos, 107;Madrid;España;
Cajamar ;Calle Arturo Soria;Calle Arturo Soria, 191 193;Madrid;España;
Cajamar ;Calle Alcalá;Calle de Alcala, 24;Madrid;España;
Cajamar ;Paseo de Alberto Palacios;Paseo de Alberto Palacios, 11;Madrid;España;
Cajamar ;Paseo de Extremadura;Paseo de Extremadura, 65;Madrid;España;
Cajamar ;Avenida de La Albufera;Avenida de La Albufera, 57;Madrid;España;
Cajamar ;Avenida de concha Espina;Avenida de concha Espina, 69;Madrid;España;
Cajamar ;Calle Marroquina;Calle Marroquina, 2;Madrid;España;
