Banco,Sucursal,Direccion,Ciudad,Pais,Latitude,Longitude

Cajamar ,Calle Dr. Fleming,"Calle Dr. Fleming, 16",Madrid,España,40.2914106,-4.5785016

Cajamar ,Calle Jorge Juan,"Calle Jorge Juan, 19",Madrid,España,38.3936011,-0.5204582

Cajamar ,Avenida Pablo Neruda,"Avenida Pablo Neruda, 13",Madrid,España,38.8673442,-6.9627806

Cajamar ,Calle General Ricardos,"Calle General Ricardos, 90",Madrid,España,41.6407864,-0.8708729

Cajamar ,Carretera Villaverde Vallecas,"Carretera Villaverde Vallecas, 8 D9",Madrid,España,40.3532547,-3.6908599

Cajamar ,Calle Alcalá,"Calle de Alcala, 140",Madrid,España,33.0700362,-117.0483249

Cajamar ,Calle Bravo Murillo,"Calle Bravo Murillo, 198",Madrid,España,37.9721326,-1.1197572

Cajamar ,Calle Alcalá,"Calle de Alcala, 434",Madrid,España,33.0700362,-117.0483249

Cajamar ,Calle Cardenal Silíceo,"Calle Cardenal Siliceo, 1",Madrid,España,38.2927529,-6.0813436

Cajamar ,Calle Madrid,"Calle Madrid , 113",Madrid,España,43.5426601,-5.6641929

Cajamar ,Paseo Muñoz Grandes,"Paseo de Munoz Grandes, 52",Madrid,España,40.3860969,-3.7411087

Cajamar ,Paseo de Las delicias,"Paseo de Las delicias, 38",Madrid,España,-25.3262464,-57.6225802

Cajamar ,Glorieta Ruiz Jiménez,Glorieta Ruiz Jimenez,Madrid,España,40.6217029,-3.91573008808

Cajamar ,Calle Alcalá,"Calle de Alcala, 254",Madrid,España,33.0700362,-117.0483249

Cajamar ,Calle Camarena,"Calle Camarena, 106",Madrid,España,40.3901896,-3.7564675

Cajamar ,Calle Embajadores,"Calle Embajadores, 55",Madrid,España,40.4025323,-3.7006541

Cajamar ,Calle Libertad,"Calle Libertad, 17",Madrid,España,37.9576323,-1.1542866

Cajamar ,Avenida Monforte de Lemos,"Avenida Monforte de Lemos, 107",Madrid,España,42.5236693,-7.5096951

Cajamar ,Calle Arturo Soria,"Calle Arturo Soria, 191 193",Madrid,España,40.4783789,-3.6687964

Cajamar ,Calle Alcalá,"Calle de Alcala, 24",Madrid,España,33.0700362,-117.0483249

Cajamar ,Paseo de Alberto Palacios,"Paseo de Alberto Palacios, 11",Madrid,España,40.3424264,-3.7178538

Cajamar ,Paseo de Extremadura,"Paseo de Extremadura, 65",Madrid,España,39.0760473,-6.0403138

Cajamar ,Avenida de La Albufera,"Avenida de La Albufera, 57",Madrid,España,40.3905435,-3.647406

Cajamar ,Avenida de concha Espina,"Avenida de concha Espina, 69",Madrid,España,40.4518846,-3.6780047

Cajamar ,Calle Marroquina,"Calle Marroquina, 2",Madrid,España,40.40990235,-3.64134414679

